assignee_name,issue_count,avg_sla_hours
Adyna,148,37.61304054054054
Francinne,175,38.43525714285715
Gionni Lucio,175,39.66668571428571
Guilherme Francisco,157,38.41254777070064
Matheus Malta,149,34.99879194630872
