issue_type,issue_count,avg_sla_hours
Bug,237,38.10459915611815
Story,290,36.04403448275862
Task,277,39.21689530685921
