issue_type,issue_count,avg_sla_hours
Bug,237,38.28396624472573
Story,290,36.04403448275862
Task,277,39.545451263537906
