assignee_name,issue_count,avg_sla_hours
Adyna,148,37.61304054054054
Francinne,175,38.29754285714286
Gionni Lucio,175,39.66668571428571
Guilherme Francisco,157,38.141783439490446
Matheus Malta,149,34.54973154362416
